date;last_update;confirmed;confirmed_diff;deaths;deaths_diff;recovered;recovered_diff;active;active_diff;fatality_rate
2020-02-01;2020-02-01 19:53:00;12038;2106;259;46;284;62;11495;1998;0.0215
2020-02-02;2020-02-02 23:53:02;16787;4749;362;103;472;188;15953;4458;0.0216
2020-02-03;2020-02-03 23:43:02;19881;3092;426;64;623;151;18832;2877;0.0214
2020-02-04;2020-02-04 23:43:01;23892;4010;492;66;852;229;22548;3715;0.0206
2020-02-05;2020-02-05 23:43:02;27636;3743;564;72;1124;272;25948;3399;0.0204
2020-02-06;2020-02-06 23:43:01;30818;3182;634;70;1487;363;28697;2749;0.0206
2020-02-07;2020-02-07 23:43:02;34392;3513;719;85;2011;524;31662;2904;0.0209
2020-02-08;2020-02-08 23:53:02;37121;2729;806;87;2616;605;33699;2037;0.0217
2020-02-09;2020-02-09 23:53:02;40151;3027;906;100;3244;628;36001;2299;0.0226
2020-02-10;2020-02-10 23:43:02;42763;2612;1013;107;3946;702;37804;1803;0.0237
2020-02-11;2020-02-11 23:53:02;44803;2039;1113;100;4683;737;39007;1202;0.0248
2020-02-12;2020-02-12 23:23:01;45222;419;1118;5;5150;467;38954;-53;0.0247
2020-02-13;2020-02-13 23:43:02;60370;15147;1371;253;6295;1145;52704;13749;0.0227
2020-02-14;2020-02-14 23:53:02;66887;6516;1523;152;8058;1763;57306;4601;0.0228
2020-02-15;2020-02-15 23:53:02;69032;2145;1666;143;9395;1337;57971;665;0.0241
2020-02-16;2020-02-16 23:53:01;71226;2194;1770;104;10865;1470;58591;620;0.0249
2020-02-17;2020-02-17 23:53:02;73260;2034;1868;98;12583;1718;58809;218;0.0255
2020-02-18;2020-02-18 23:53:01;75138;1878;2007;139;14352;1769;58779;-30;0.0267
2020-02-19;2020-02-19 23:53:02;75641;501;2122;113;16121;1769;57398;-1381;0.0281
2020-02-20;2020-02-20 23:43:02;76199;558;2247;125;18177;2056;55775;-1623;0.0295
2020-02-21;2020-02-21 23:33:06;76843;618;2251;4;18890;713;55702;-99;0.0293
2020-02-22;2020-02-22 23:53:01;78599;1756;2458;207;22886;3996;53255;-2447;0.0313
2020-02-23;2020-02-23 23:43:02;78985;386;2469;11;23394;508;53122;-133;0.0313
2020-02-24;2020-02-24 23:43:01;79570;543;2629;160;25227;1833;51714;-1450;0.033
2020-02-25;2020-02-25 23:53:02;80415;840;2708;79;27905;2678;49802;-1917;0.0337
2020-02-26;2020-02-26 23:53:02;81397;974;2770;62;30384;2479;48243;-1567;0.034
2020-02-27;2020-02-27 23:33:02;82756;1355;2814;44;33277;2893;46665;-1582;0.034
2020-02-28;2020-02-28 23:23:03;84123;1360;2872;58;36711;3434;44540;-2132;0.0341
2020-02-29;2020-02-29 23:53:02;86013;1883;2941;69;39782;3071;43290;-1257;0.0342
2020-03-01;2020-03-01 23:43:03;88371;2345;2996;55;42716;2934;42659;-644;0.0339
2020-03-02;2020-03-02 23:53:02;90309;1914;3085;85;45602;2886;41622;-1057;0.0342
2020-03-03;2020-03-03 23:53:03;92844;2524;3160;75;48229;2627;41455;-178;0.034
2020-03-04;2020-03-04 23:23:01;95124;2266;3254;94;51171;2942;40699;-770;0.0342
2020-03-05;2020-03-05 23:53:02;97886;2741;3348;94;53797;2626;40741;21;0.0342
2020-03-06;2020-03-06 23:33:02;101800;3867;3460;112;55866;2069;42474;1686;0.034
2020-03-07;2020-03-07 23:53:03;105836;3962;3558;98;58359;2494;43919;1370;0.0336
2020-03-08;2020-03-08 23:23:03;109816;3934;3803;245;60695;2336;45318;1353;0.0346
2020-03-09;2020-03-09 23:33:02;113580;3770;3996;193;62512;1821;47072;1756;0.0352
2020-03-10;2020-03-10 23:53:02;118582;5065;4262;285;64404;1898;49916;2882;0.0359
2020-03-11;2020-03-11 23:53:03;125865;6520;4615;335;67003;2314;54247;3871;0.0367
2020-03-12;2020-03-12 23:44:33;128343;2474;4720;104;68324;1321;55299;1049;0.0368
2020-03-13;2020-03-13 23:13:12;145193;16478;5404;683;70251;1927;69538;13868;0.0372
2020-03-14;2020-03-14 23:53:02;156099;10873;5819;415;72624;2373;77656;8085;0.0373
2020-03-15;2020-03-15 18:33:03;167447;11338;6440;621;76034;3410;84973;7307;0.0385
2020-03-16;2020-03-16 23:53:03;181545;13792;7126;681;78088;2054;96331;11057;0.0393
2020-03-17;2020-03-17 23:53:03;197168;15609;7905;779;80840;2752;108423;12078;0.0401
2020-03-18;2020-03-18 19:53:03;214915;17732;8733;828;83313;2367;122869;14537;0.0406
2020-03-19;2020-03-19 23:43:04;242713;27788;9867;1134;84962;1649;147884;25005;0.0407
2020-03-20;2020-03-20 23:43:03;272167;29449;11299;1432;87403;2441;173465;25576;0.0415
2020-03-21;2020-03-21 23:43:02;304527;32356;12973;1674;91676;4273;199878;26409;0.0426
2020-03-22;2020-03-22 23:48:00;337122;53405;14623;2534;97243;5791;225256;45080;0.0434
2020-03-23;2020-03-23 23:23:20;378283;57183;16497;2548;100958;5915;260828;48720;0.0436
2020-03-24;2020-03-24 23:41:50;417962;24370;18615;1452;107699;4650;291648;18268;0.0445
2020-03-25;2020-03-25 23:37:49;467594;48914;21181;2556;113764;5478;332649;40880;0.0453
2020-03-26;2020-03-26 23:53:24;529591;61991;23970;2789;122144;8380;383477;50822;0.0453
2020-03-27;2020-03-27 23:27:48;593291;63692;27198;3228;130909;8765;435184;51699;0.0458
2020-03-28;2020-03-28 23:11:00;660693;67392;30652;3454;139409;8500;490632;55438;0.0464
2020-03-29;2020-03-29 23:14:00;720140;59447;33925;3273;149076;9667;537139;46507;0.0471
2020-03-30;2020-03-30 22:58:00;782389;62246;37582;3657;164560;15484;580247;43105;0.048
2020-03-31;2020-03-31 23:49:27;857487;75095;42107;4525;178028;13468;637352;57102;0.0491
2020-04-01;2020-04-01 22:04:58;932605;75118;46809;4702;193171;15143;692625;55273;0.0502
2020-04-02;2020-04-02 23:32:00;1013303;80693;52983;6174;210263;17092;750057;57427;0.0523
2020-04-03;2020-04-03 22:52:45;1095917;82614;58787;5804;225796;15533;811334;61277;0.0536
2020-04-04;2020-04-04 23:41:00;1197408;101490;64606;5819;246152;20356;886650;75315;0.054
2020-04-05;2020-04-05 23:13:44;1272115;74701;69374;4768;260012;13860;942729;56073;0.0545
2020-04-06;2020-04-06 23:28:00;1345101;72982;74565;5191;276515;16503;994021;51288;0.0554
2020-04-07;2020-04-07 23:11:31;1426096;80995;81865;7300;300054;23539;1044177;50156;0.0574
2020-04-08;2020-04-08 22:59:00;1511104;85008;88338;6473;328661;28607;1094105;49928;0.0585
2020-04-09;2020-04-09 23:09:19;1595350;84246;95455;7117;353975;25314;1145920;51815;0.0598
2020-04-10;2020-04-10 23:01:43;1691719;96368;102525;7070;376096;22121;1213098;67177;0.0606
2020-04-11;2020-04-11 22:52:46;1771514;79795;108502;5977;402110;26014;1260902;47804;0.0612
2020-04-12;2020-04-12 23:25:00;1846680;75166;114089;5588;421722;19612;1310869;49966;0.0618
2020-04-13;2020-04-13 23:15:42;1917320;70640;119482;5393;448655;26933;1349183;38314;0.0623
2020-04-14;2020-04-14 23:41:11;1976192;58872;125984;6502;474261;25606;1375947;26764;0.0638
2020-04-15;2020-04-15 23:04:26;2056055;79863;134177;8193;511019;36758;1410859;34912;0.0653
2020-04-16;2020-04-16 23:38:19;2152647;96592;143801;9624;542107;31088;1466739;55880;0.0668
2020-04-17;2020-04-17 23:38:48;2240191;87544;153822;10021;568343;26236;1518026;51287;0.0687
2020-04-18;2020-04-18 22:40:18;2317759;77568;159510;5688;592319;23976;1565930;47904;0.0688
2020-04-19;2020-04-19 23:49:05;2401379;83620;165044;5534;623903;31584;1612432;46502;0.0687
2020-04-20;2020-04-20 23:44:50;2472259;70880;169986;4942;645738;21835;1656535;44103;0.0688
2020-04-21;2020-04-21 23:39:09;2561044;77035;176984;6597;679819;34081;1704241;36357;0.0691
2020-04-22;2020-04-22 23:38:57;2623415;74134;183027;6444;709694;29875;1730694;37815;0.0698
2020-04-23;2020-04-24 03:31:35;2708885;85470;190858;7830;738486;28792;1779541;48848;0.0705
2020-04-24;2020-04-25 06:31:19;2811193;103135;197159;6317;793601;55115;1820433;41703;0.0701
2020-04-25;2020-04-26 02:31:18;2896746;85553;202846;5687;816685;23084;1877215;56782;0.07
2020-04-26;2020-04-27 02:31:20;2971475;74729;206544;3698;865733;49048;1899198;21983;0.0695
2020-04-27;2020-04-28 02:31:20;3041764;69449;211167;4607;893967;28234;1936630;36608;0.0694
2020-04-28;2020-04-29 02:32:29;3116398;74634;217153;5986;928658;34691;1970587;33957;0.0697
2020-04-29;2020-04-30 02:32:27;3193886;77488;227638;10485;972719;44061;1993529;22942;0.0713
2020-04-30;2020-05-01 02:32:28;3256846;62944;233388;5750;1014753;42034;2008705;15160;0.0717
2020-05-01;2020-05-02 02:32:27;3343777;86931;238650;5262;1053327;38574;2051800;43095;0.0714
2020-05-02;2020-05-03 02:32:28;3427343;83566;243808;5158;1093112;39785;2090423;38623;0.0711
2020-05-03;2020-05-04 02:32:28;3506729;79386;247470;3662;1125236;32124;2134023;43600;0.0706
2020-05-04;2020-05-05 02:32:34;3583055;76326;251537;4067;1162724;37488;2168794;34771;0.0702
2020-05-05;2020-05-06 02:32:31;3662691;79636;257239;5702;1198832;36108;2206620;37826;0.0702
2020-05-06;2020-05-07 02:32:28;3755341;92650;263831;6592;1245413;46581;2246097;39477;0.0703
2020-05-07;2020-05-08 02:32:32;3845718;90377;269567;5736;1284741;39328;2291410;45313;0.0701
2020-05-08;2020-05-09 02:32:35;3938064;92346;274898;5331;1322050;37309;2341116;49706;0.0698
2020-05-09;2020-05-10 02:32:30;4024009;85945;279311;4413;1375624;53574;2369074;27958;0.0694
2020-05-10;2020-05-11 02:32:30;4101699;77690;282709;3398;1408980;33356;2410010;40936;0.0689
2020-05-11;2020-05-12 03:32:27;4177504;75805;286330;3621;1456209;47229;2434965;24955;0.0685
2020-05-12;2020-05-13 03:32:26;4261955;84451;291964;5634;1493414;37205;2476577;41612;0.0685
2020-05-13;2020-05-14 03:32:28;4347018;85062;297197;5233;1548547;55133;2501274;24696;0.0684
2020-05-14;2020-05-15 02:33:02;4442163;92924;302418;4719;1587893;67625;2551852;20580;0.0681
2020-05-15;2020-05-16 02:32:19;4542347;100184;307666;5248;1637067;49174;2597614;45762;0.0677
2020-05-16;2020-05-17 02:32:32;4634068;91721;311781;4115;1693197;56130;2629090;31476;0.0673
2020-05-17;2020-05-18 02:32:21;4713620;79552;315185;3404;1733963;40766;2664472;35382;0.0669
2020-05-18;2020-05-19 02:32:18;4801943;88323;318481;3296;1786875;52912;2696587;32115;0.0663
2020-05-19;2020-05-20 02:32:19;4897492;95549;323285;4804;1688619;-98256;2885588;189001;0.066
2020-05-20;2020-05-21 02:32:48;4996472;73000;328115;3495;1897466;46491;2770891;23014;0.0657
2020-05-21;2020-05-22 02:36:51;5102424;105952;332924;4809;1948739;51273;2820761;49870;0.0652
2020-05-22;2020-05-23 02:32:42;5210817;108393;338160;5236;2056643;107904;2816014;-4747;0.0649
2020-05-23;2020-05-24 02:32:43;5310362;99545;342097;3937;2112185;55542;2856080;40066;0.0644
2020-05-24;2020-05-25 02:32:44;5407613;97251;345059;2962;2168563;56378;2893991;37911;0.0638
2020-05-25;2020-05-26 02:32:35;5495061;87448;346232;1173;2231738;63175;2917091;23100;0.063
2020-05-26;2020-05-27 02:32:31;5589626;94565;350453;4221;2286956;55218;2952217;35126;0.0627
2020-05-27;2020-05-28 02:32:31;5691790;102164;355629;5176;2350088;63132;2986073;33856;0.0625
2020-05-28;2020-05-29 02:32:50;5808946;111298;360308;4510;2415960;62455;3032678;44333;0.062
2020-05-29;2020-05-30 02:32:48;5924275;115323;364867;4559;2493535;77575;3065873;33189;0.0616
2020-05-30;2020-05-31 02:32:45;6059017;134741;369126;4259;2564693;71158;3125198;59324;0.0609
2020-05-31;2020-06-01 02:32:46;6166946;107929;372035;2909;2641329;76636;3153582;28384;0.0603
2020-06-01;2020-06-02 02:33:08;6266192;88784;375559;3352;2696009;50534;3194624;34898;0.0599
2020-06-02;2020-06-03 02:33:13;6378238;112047;380250;4692;2729527;33518;3268461;73837;0.0596
2020-06-03;2020-06-04 02:33:14;6430705;52466;385947;5696;2804982;75455;3239776;-28685;0.06
2020-06-04;2020-06-05 02:33:06;6632985;202280;391136;5189;2869963;64981;3371886;132110;0.059
2020-06-05;2020-06-06 02:33:00;6734088;100047;394875;3662;2746192;131192;3593021;-34807;0.0586
2020-06-06;2020-06-07 03:53:30;6891213;157125;399718;4843;3085833;84678;3405662;67604;0.058
2020-06-07;2020-06-08 03:33:22;7009065;117852;402730;3012;3140920;55087;3465415;59753;0.0575
2020-06-08;2020-06-09 03:33:03;7118471;109405;406522;3792;3293408;436440;3418541;-330827;0.0571
2020-06-09;2020-06-10 04:07:00;7242235;123764;609434;202912;3375668;82260;3257133;-161408;0.0841
2020-06-10;2020-06-11 03:33:41;7360239;117567;416201;-193228;3454807;78603;3489231;232192;0.0565
2020-06-11;2020-06-12 05:09:52;7514481;152968;421458;5106;3540696;85889;3552327;61973;0.0561
2020-06-12;2020-06-13 03:33:14;7632802;118321;425394;3936;3613277;72581;3594131;41804;0.0557
2020-06-13;2020-06-14 03:33:15;7766952;134150;429736;4342;3698304;85027;3638912;44781;0.0553
2020-06-14;2020-06-15 03:33:14;7900924;133972;433066;3330;3769712;71408;3698146;59234;0.0548
2020-06-15;2020-06-16 04:33:09;8034504;133580;436899;3833;3857339;87627;3740266;42120;0.0544
2020-06-16;2020-06-17 04:33:21;8173940;139436;443685;6786;3955169;97830;3775086;34820;0.0543
2020-06-17;2020-06-18 04:33:18;8349950;176010;448959;5274;4073955;118786;3827036;51950;0.0538
2020-06-18;2020-06-19 04:33:17;8488977;139027;453987;5028;4155099;81144;3879891;52855;0.0535
2020-06-19;2020-06-20 04:33:19;8663136;174159;460011;6024;4245777;90678;3957348;77457;0.0531
2020-06-20;2020-06-21 04:33:19;8791804;128668;464465;4454;4378255;132478;3949084;-8264;0.0528
2020-06-21;2020-06-22 04:33:20;8954125;162321;468357;3892;4447086;68831;4038682;89598;0.0523
2020-06-22;2020-06-23 04:33:22;9098641;144516;472171;3814;4526333;79247;4100137;61455;0.0519
2020-06-23;2020-06-24 04:33:28;9263466;164825;477584;5413;4630391;104058;4155491;55354;0.0516
2020-06-24;2020-06-25 05:26:54;9430384;166918;482752;5168;4746118;115727;4201514;46023;0.0512
2020-06-25;2020-06-26 04:33:43;9609829;179445;489312;6560;4838921;92803;4281596;80082;0.0509
2020-06-26;2020-06-27 04:33:35;9773855;191399;493477;4861;4945557;106636;4334821;79902;0.0505
2020-06-27;2020-06-28 04:34:04;9979535;178307;498710;4537;5051864;106307;4428961;67463;0.05
2020-06-28;2020-06-29 04:33:44;10145791;166256;501893;3183;5140899;89035;4502999;74038;0.0495
2020-06-29;2020-06-30 04:33:48;10302052;156261;505505;3612;5235813;94914;4560734;57735;0.0491
2020-06-30;2020-07-01 04:33:52;10475838;173786;511253;5748;5353272;117459;4611313;50579;0.0488
2020-07-01;2020-07-02 04:33:46;10694060;218222;516210;4957;5588944;235672;4588906;-22407;0.0483
2020-07-02;2020-07-03 04:33:54;10869739;175679;521298;5088;5754006;165062;4594435;5529;0.048
2020-07-03;2020-07-04 04:33:51;11074878;205139;525121;3823;5863847;109841;4685910;91475;0.0474
2020-07-04;2020-07-05 04:33:46;11267309;192431;530754;5633;6059565;195718;4676990;-8920;0.0471
2020-07-05;2020-07-06 04:33:57;11449707;182398;534267;3513;6179006;119441;4736434;59444;0.0467
2020-07-06;2020-07-07 04:34:00;11620096;170389;538058;3791;6302626;123620;4779412;42978;0.0463
2020-07-07;2020-07-08 05:33:48;11829602;209506;544163;6105;6447656;145030;4837783;58371;0.046
2020-07-08;2020-07-09 04:34:23;12041480;211878;549468;5305;6586726;139070;4905286;67503;0.0456
2020-07-09;2020-07-10 04:34:24;12268518;227038;554924;5456;6740124;153398;4973470;68184;0.0452
2020-07-10;2020-07-11 04:34:26;12498467;229949;560209;5285;6879521;139397;5058737;85267;0.0448
2020-07-11;2020-07-12 04:34:30;12717908;219441;565138;4929;7005299;125778;5147471;88734;0.0444
2020-07-12;2020-07-13 04:43:04;12910357;192449;569128;3990;7116957;111658;5224272;76801;0.0441
2020-07-13;2020-07-14 04:34:46;13103290;192933;573042;3914;7257369;140412;5272879;48607;0.0437
2020-07-14;2020-07-15 04:34:39;13323530;220240;578628;5586;7399310;141941;5345592;72713;0.0434
2020-07-15;2020-07-16 04:44:59;13554477;230947;584124;5496;7559252;159942;5411101;65509;0.0431
2020-07-16;2020-07-17 04:34:50;13805296;250819;589911;5787;7711525;152273;5503860;92759;0.0427
2020-07-17;2020-07-18 04:34:45;14106753;250003;602656;6607;7894890;183365;5609207;60031;0.0427
2020-07-18;2020-07-19 04:34:58;14288689;233390;602138;5620;8027451;132561;5659100;95209;0.0421
2020-07-19;2020-07-20 05:34:40;14507491;218802;606173;4035;8133663;106212;5767655;108555;0.0418
2020-07-20;2020-07-21 04:38:46;14703293;195802;609887;3714;8290431;156768;5802975;35320;0.0415
2020-07-21;2020-07-22 04:34:42;14947428;244135;616443;6556;8466990;176559;5863995;61020;0.0412
2020-07-22;2020-07-23 05:15:04;15230561;283133;623443;7000;8643987;176997;5963131;99136;0.0409
2020-07-23;2020-07-24 05:30:40;15511157;280596;633396;9953;8813886;169899;6063875;100744;0.0408
2020-07-24;2020-07-25 04:47:39;15736499;225342;639652;6256;9043203;229317;6053644;-10231;0.0406
2020-07-25;2020-07-26 04:35:00;16046986;310487;644528;4876;9262520;219317;6139938;86294;0.0402
2020-07-26;2020-07-27 04:35:02;16252541;205555;648637;4109;9397505;134985;6206399;66461;0.0399
2020-07-27;2020-07-28 04:58:43;16481230;228689;654052;5415;9572619;175114;6254559;48160;0.0397
2020-07-28;2020-07-29 04:35:11;16682030;200800;659374;5322;9711187;138568;6311469;56910;0.0395
2020-07-29;2020-07-30 04:35:05;17029155;347125;667011;7637;9948163;236976;6413981;102512;0.0392
2020-07-30;2020-07-31 04:35:18;17295538;266383;673171;6160;10132579;184416;6489788;75807;0.0389
2020-07-31;2020-08-01 04:36:27;17591968;296430;679439;6268;10330958;198379;6581571;91783;0.0386
2020-08-01;2020-08-02 04:34:47;17849853;257885;685054;5615;10553585;222627;6611214;29643;0.0384
2020-08-02;2020-08-03 04:34:35;18079136;229283;689347;4293;10690359;136774;6699430;88216;0.0381
2020-08-03;2020-08-04 04:41:59;18282208;203072;693694;4347;10913000;222641;6675514;-23916;0.0379
2020-08-04;2020-08-05 04:34:43;18540119;257911;700647;6953;11134735;221735;6704737;29223;0.0378
2020-08-05;2020-08-06 04:35:02;18810392;270273;707666;7019;11356275;221540;6746451;41714;0.0376
2020-08-06;2020-08-07 04:35:11;19089364;278972;714744;7078;11545401;189126;6829219;82768;0.0374
2020-08-07;2020-08-08 04:34:53;19378036;288672;721324;6580;11737927;192526;6918785;89566;0.0372
2020-08-08;2020-08-09 04:34:54;19637506;259470;726781;5457;11939109;201182;6971616;52831;0.037
2020-08-09;2020-08-10 04:34:55;19861683;224177;731326;4545;12115825;176716;7014532;42916;0.0368
2020-08-10;2020-08-11 04:35:08;20089624;227941;736191;4865;12280520;164695;7072913;58381;0.0366
2020-08-11;2020-08-12 04:27:29;20284882;195225;741126;4931;12585473;304818;6958283;-114524;0.0365
2020-08-12;2020-08-13 04:29:15;20620847;335998;749358;8236;12826815;241477;7044674;86285;0.0363
2020-08-13;2020-08-14 04:51:19;20905891;285044;755589;6231;12992176;165361;7158126;113452;0.0361
2020-08-14;2020-08-15 04:27:31;21159730;253839;764683;9094;13276831;284655;7118216;-39910;0.0361
2020-08-15;2020-08-16 04:27:42;21459699;299969;771063;6380;13445842;169011;7242794;124578;0.0359
2020-08-16;2020-08-17 04:27:20;21672186;212487;775244;4181;13676868;231026;7220074;-22720;0.0358
2020-08-17;2020-08-18 04:27:56;21881858;209672;774034;-1210;13888301;211433;7219523;-551;0.0354
2020-08-18;2020-08-19 04:27:47;22136954;255096;780908;6874;14116451;228150;7239595;20072;0.0353
2020-08-19;2020-08-20 04:27:43;22411300;274346;787672;6764;14333914;217463;7289714;50119;0.0351
2020-08-20;2020-08-21 04:27:41;22678483;267183;793698;6026;14541573;207659;7343212;53498;0.035
2020-08-21;2020-08-22 04:27:49;22949234;270751;799245;5547;14712252;170679;7437737;94525;0.0348
2020-08-22;2020-08-23 04:27:48;23203532;254298;804416;5171;14911319;199067;7487797;50060;0.0347
2020-08-23;2020-08-24 04:27:56;23420418;216886;808676;4260;15137203;225884;7474539;-13258;0.0345
2020-08-24;2020-08-25 04:28:02;23647377;226959;813022;4346;15337252;200049;7497103;22564;0.0344
2020-08-25;2020-08-26 04:28:11;23889150;241773;819414;6392;15570191;232939;7499545;2442;0.0343
2020-08-26;2020-08-27 04:28:15;24176836;287686;825696;6282;15794441;224250;7556699;57154;0.0342
2020-08-27;2020-08-28 04:28:11;24452629;275793;831586;5890;15997281;202840;7623762;67063;0.034
2020-08-28;2020-08-29 04:28:19;24734448;281819;837124;5538;16198165;200884;7699159;75397;0.0338
2020-08-29;2020-08-30 04:28:22;24996456;262008;842499;5375;16409757;211592;7744200;45041;0.0337
2020-08-30;2020-08-31 04:28:27;25222709;226253;846395;3896;16618168;208411;7758146;13946;0.0336
2020-08-31;2020-09-01 04:28:31;25484767;262058;850535;4140;16819592;201424;7814640;56494;0.0334
2020-09-01;2020-09-02 04:28:25;25749642;264875;857015;6480;17074386;254794;7818241;3601;0.0333
2020-09-02;2020-09-03 04:28:22;26031410;281768;863028;6013;17291874;217488;7876508;58267;0.0332
2020-09-03;2020-09-04 04:28:26;26304856;273446;868733;5705;17512585;220711;7923538;47030;0.033
2020-09-04;2020-09-05 04:28:19;26609482;304626;874369;5636;17717266;204681;8017847;94309;0.0329
2020-09-05;2020-09-06 04:28:33;26873146;263664;879307;4938;17917644;200378;8076195;58348;0.0327
2020-09-06;2020-09-07 04:28:30;27103845;230699;883339;4032;18137310;219666;8083196;7001;0.0326
2020-09-07;2020-09-08 04:28:25;27332433;228588;892443;9104;18325062;187752;8114928;31732;0.0327
2020-09-08;2020-09-09 04:28:48;27570742;238309;897383;4940;18524391;199329;8148968;34040;0.0325
2020-09-09;2020-09-10 04:29:01;27863733;292991;903686;6303;18776723;252332;8183324;34356;0.0324
2020-09-10;2020-09-11 04:46:23;28161885;298152;909479;5793;18992383;215660;8260023;76699;0.0323
2020-09-11;2020-09-12 04:25:05;28481413;319528;915356;5877;19215800;223417;8350257;90234;0.0321
2020-09-12;2020-09-13 04:30:52;28759036;277623;920231;4875;19439157;223357;8399648;49391;0.032
2020-09-13;2020-09-14 04:26:09;28902753;143717;922737;2506;19547423;108266;8432593;32945;0.0319
2020-09-14;2020-09-15 03:22:50;29190588;287835;927245;4508;19775100;227677;8488243;55650;0.0318
2020-09-15;2020-09-16 04:22:53;29571333;380745;934986;7741;20078979;303879;8557368;69125;0.0316
2020-09-16;2020-09-17 04:22:55;29764055;192722;939473;4487;20225219;146240;8599363;41995;0.0316
2020-09-17;2020-09-18 05:05:57;30078889;314834;944887;5414;20439713;214494;8694289;94926;0.0314
2020-09-18;2020-09-19 04:22:56;30406197;327308;950520;5633;20683110;243397;8772567;78278;0.0313
2020-09-19;2020-09-20 04:22:56;30685001;278804;955843;5323;20922189;239079;8806969;34402;0.0312
2020-09-20;2020-09-21 04:23:18;30935011;250010;959565;3722;21159459;237270;8815987;9018;0.031
2020-09-21;2020-09-22 04:23:11;31245797;310786;963693;4128;21394593;235134;8887511;71524;0.0308
2020-09-22;2020-09-23 04:23:40;31517087;271290;969578;5885;21624434;229841;8923075;35564;0.0308
2020-09-23;2020-09-24 04:23:38;31779835;262748;975104;5526;21890442;266008;8914289;-8786;0.0307
2020-09-24;2020-09-25 04:23:21;32141225;361390;981808;6704;22151303;260861;9008114;93825;0.0305
2020-09-25;2020-09-26 04:23:42;32476713;335488;987775;5967;22378686;227383;9110252;102138;0.0304
2020-09-26;2020-09-27 04:23:45;32751412;274699;993019;5244;22623337;244651;9135056;24804;0.0303
2020-09-27;2020-09-28 04:23:36;32995554;244142;996695;3676;22850774;227437;9148085;13029;0.0302
2020-09-28;2020-09-29 04:23:42;33353615;358061;1001646;4951;23151081;300307;9200888;52803;0.03
2020-09-29;2020-09-30 04:23:33;33561081;207466;1006576;4930;23301262;150181;9253243;52355;0.03
2020-09-30;2020-10-01 04:23:42;33881272;320191;1012980;6404;23551788;250526;9316504;63261;0.0299
2020-10-01;2020-10-02 04:23:51;34205755;324483;1021763;8783;23778779;226991;9405213;88709;0.0299
2020-10-02;2020-10-03 04:23:40;34503125;297370;1026756;4993;23953871;175092;9522498;117285;0.0298
2020-10-03;2020-10-04 04:23:44;34826671;323546;1032235;5479;24205369;251498;9589067;66569;0.0296
2020-10-04;2020-10-05 04:23:33;35079152;252481;1036111;3876;24429024;223655;9614017;24950;0.0295
2020-10-05;2020-10-06 04:23:33;35414612;335460;1043061;6950;24668788;239764;9702763;88746;0.0295
2020-10-06;2020-10-07 04:23:40;35733340;318728;1048742;5681;24893829;225041;9790769;88006;0.0293
2020-10-07;2020-10-08 04:23:56;36077702;344362;1054712;5970;25153684;259855;9869306;78537;0.0292
2020-10-08;2020-10-09 04:23:59;36445067;367365;1060913;6201;25377776;224092;10006378;137072;0.0291
2020-10-09;2020-10-10 04:23:57;36802976;357909;1067114;6201;25578672;200896;10157190;150812;0.029
2020-10-10;2020-10-11 04:23:46;37105925;302949;1071388;4274;25764378;185706;10270159;112969;0.0289
2020-10-11;2020-10-12 04:23:45;37408593;302668;1075942;4554;25999799;235421;10332852;62693;0.0288
2020-10-12;2020-10-13 04:24:02;37801526;392931;1080680;4738;26275711;275912;10445135;112281;0.0286
2020-10-13;2020-10-14 04:24:05;38066297;264771;1085411;4731;26391524;115813;10589362;144227;0.0285
2020-10-14;2020-10-15 04:24:28;38442524;376227;1091464;6053;26596591;205067;10754469;165107;0.0284
2020-10-15;2020-10-16 04:24:01;38854432;411908;1097359;5895;26814948;218357;10942125;187656;0.0282
2020-10-16;2020-10-17 04:24:12;39266928;412496;1103517;6158;27019124;204176;11144287;202162;0.0281
2020-10-17;2020-10-18 04:24:25;39608809;341881;1108800;5283;27215950;196826;11284059;139772;0.028
2020-10-18;2020-10-19 04:24:16;39899915;291106;1112599;3799;27421217;205267;11366099;82040;0.0279
2020-10-19;2020-10-20 04:24:22;40348737;448822;1117572;4973;27628198;206981;11602967;236868;0.0277
2020-10-20;2020-10-21 04:24:14;40729251;380514;1124027;6455;27846487;218289;11758737;155770;0.0276
2020-10-21;2020-10-22 04:24:27;41171337;442086;1130606;6579;28040056;193569;12000675;241938;0.0275
2020-10-22;2020-10-23 04:24:46;41641309;469972;1136503;5897;28271838;231782;12232968;232293;0.0273
2020-10-23;2020-10-24 04:24:46;42148875;507566;1143495;6992;28484306;212468;12521074;288106;0.0271
2020-10-24;2020-10-25 04:24:36;42562830;413955;1149202;5707;28700990;216684;12712638;191564;0.027
2020-10-25;2020-10-26 04:25:02;42990032;427202;1153625;4423;28960204;259214;12876203;163565;0.0268
2020-10-26;2020-10-27 04:24:45;43483973;493941;1159397;5772;29199046;238842;13125530;249327;0.0267
2020-10-27;2020-10-28 04:24:39;43907193;423220;1166240;6843;29731128;532082;13009825;-115705;0.0266
2020-10-28;2020-10-29 04:24:49;44481667;574472;1174007;7767;30052209;321081;13255451;245624;0.0264
2020-10-29;2020-10-30 04:24:49;45018354;536687;1181027;7020;30298756;246547;13538571;283120;0.0262
2020-10-30;2020-10-31 04:24:44;45584151;565797;1188866;7839;29690219;-608537;14705066;1166495;0.0261
2020-10-31;2020-11-01 04:36:19;46015562;431411;1194906;6040;30761539;1071320;14059117;-645949;0.026
2020-11-01;2020-11-02 05:25:04;46509232;493670;1200361;5455;31078769;317230;14230102;170985;0.0258
2020-11-02;2020-11-03 06:00:16;46870394;361162;1206181;5820;31358807;280038;14305406;75304;0.0257
2020-11-03;2020-11-04 05:25:09;47405395;535001;1213735;7554;31609242;250435;14582418;277012;0.0256
2020-11-04;2020-11-05 06:05:03;48090690;685295;1225202;11467;31889030;279788;14976458;394040;0.0255
2020-11-05;2020-11-06 05:24:55;48680103;589413;1233313;8111;32192465;303435;15254325;277867;0.0253
2020-11-06;2020-11-07 05:24:52;49322827;642724;1242868;9555;32480626;288161;15599333;345008;0.0252
2020-11-07;2020-11-08 05:24:56;49832675;509848;1250446;7578;32779541;298915;15802688;203355;0.0251
2020-11-08;2020-11-09 05:25:45;50395314;562639;1256179;5733;33032762;253221;16106373;303685;0.0249
2020-11-09;2020-11-10 05:40:07;50913976;518662;1263094;6915;33289404;256642;16361478;255105;0.0248
2020-11-10;2020-11-11 05:25:30;51456775;542798;1272094;9000;33544236;254832;16640445;278966;0.0247
2020-11-11;2020-11-12 05:25:55;52127695;670920;1284457;12363;33926351;382115;16916887;276442;0.0246
2020-11-12;2020-11-13 05:25:30;52733290;85202;1293183;8726;34149223;-513325;17290884;589801;0.0245
2020-11-13;2020-11-14 05:25:37;53320716;587426;1302036;22744;34402340;253117;17616340;311565;0.0244
2020-11-14;2020-11-15 05:26:53;53927158;606442;1311192;9156;34726418;324078;17889548;273208;0.0243
2020-11-15;2020-11-16 05:25:57;54370186;443028;1317139;5947;34955148;228730;18097899;208351;0.0242
2020-11-16;2020-11-17 05:25:54;55021938;651752;1327228;10089;35349444;394296;18345266;247367;0.0241
2020-11-17;2020-11-18 05:40:31;55624562;602624;1338106;10878;35784056;434612;18502400;157134;0.0241
2020-11-18;2020-11-19 05:25:23;56247982;623420;1349380;11274;36146977;362921;18751625;249225;0.024
2020-11-19;2020-11-20 05:26:28;56898415;650433;1360381;11001;36519821;372844;19018213;266588;0.0239
2020-11-20;2020-11-21 05:25:51;57564083;665668;1372182;11801;36875075;355254;19316826;298613;0.0238
2020-11-21;2020-11-22 05:25:45;58143122;579039;1380436;8254;37214376;339301;19548310;231484;0.0237
2020-11-22;2020-11-23 05:25:26;58649324;506202;1388068;7632;37486362;271986;19774894;226584;0.0237
2020-11-23;2020-11-24 05:27:31;59168889;519431;1396359;8291;37896435;410071;19876095;101069;0.0236
2020-11-24;2020-11-25 05:27:20;59759494;590592;1409252;12893;38267861;371413;20082381;206286;0.0236
2020-11-25;2020-11-26 05:27:44;60392439;632945;1421308;12056;38704717;436856;20266414;184033;0.0235
2020-11-26;2020-11-27 05:26:53;60973636;581197;1432047;10739;39069813;365096;20471776;205362;0.0235
2020-11-27;2020-11-28 05:25:50;61645535;671899;1442664;10617;39446275;376462;20756596;284820;0.0234
2020-11-28;2020-11-29 05:25:55;62244181;598646;1452410;9746;39801717;355442;20990054;233458;0.0233
2020-11-29;2020-11-30 05:26:13;62730726;486545;1459317;6907;40127625;325908;21143784;153730;0.0233
2020-11-30;2020-12-01 05:26:18;63236804;506078;1467987;8670;40528816;401191;21240001;96217;0.0232
2020-12-01;2020-12-02 05:27:41;63839023;602219;1480001;12014;40990138;461322;21368884;128883;0.0232
2020-12-02;2020-12-03 05:28:22;64508175;669152;1492989;12988;41492849;502711;21522337;153453;0.0231
2020-12-03;2020-12-04 05:27:27;65220557;712382;1506251;13262;41931987;439138;21782319;259982;0.0231
2020-12-04;2020-12-05 05:27:36;65899441;678884;1518670;12419;42352021;420034;22028750;246431;0.023
2020-12-05;2020-12-06 05:26:18;66540034;640593;1528868;10198;42789879;437858;22221287;192537;0.023
2020-12-06;2020-12-07 05:26:14;67073728;533694;1536056;7188;43103827;313948;22433845;212558;0.0229
2020-12-07;2020-12-08 05:27:42;67591203;517473;1544533;8477;43515459;411630;22531211;97366;0.0229
2020-12-08;2020-12-09 05:28:01;68225313;634120;1556822;12290;43956174;440723;22712317;181107;0.0228
2020-12-09;2020-12-10 05:26:19;68894596;669283;1569374;12552;44382129;425955;22943093;230776;0.0228
2020-12-10;2020-12-11 05:26:59;69592554;697958;1581856;12482;44871360;489231;23139338;196245;0.0227
2020-12-11;2020-12-12 05:26:19;71081574;1489020;1594777;12921;45349922;478562;24136875;997537;0.0224
2020-12-12;2020-12-13 05:27:20;71704885;623311;1605017;10240;46856934;1507012;23242934;-893941;0.0224
2020-12-13;2020-12-14 05:26:27;72252541;547656;1612362;7345;47249332;392398;23390847;147913;0.0223
2020-12-14;2020-12-15 05:26:38;72849650;597109;1621154;8792;47656692;407360;23571804;180957;0.0223
2020-12-15;2020-12-16 05:28:04;73475980;626330;1635427;14273;41615682;-6041010;30224871;6653067;0.0223
2020-12-16;2020-12-17 05:28:12;74210350;734370;1648956;13529;41977327;361645;30584067;359196;0.0222
2020-12-17;2020-12-18 05:28:18;74952221;741871;1662127;13171;42349997;372670;30940097;356030;0.0222
2020-12-18;2020-12-19 05:27:52;75672814;720593;1674840;12713;42667969;317972;31330005;389908;0.0221
2020-12-19;2020-12-20 05:27:32;76289042;616228;1685526;10686;43023052;355083;31580464;250459;0.0221
2020-12-20;2020-12-21 05:27:58;76823486;534444;1693205;7679;43296482;273430;31833799;253335;0.022
2020-12-21;2020-12-22 05:22:33;77364641;541155;1702596;9391;43637283;340801;32024762;190963;0.022
2020-12-22;2020-12-23 05:22:03;78011432;646791;1717055;14459;43998513;361230;32295864;271102;0.022
2020-12-23;2020-12-24 05:23:04;78704434;693002;1730663;13608;44323101;324588;32650670;354806;0.022
2020-12-24;2020-12-25 05:22:48;79368142;663708;1742271;11608;44711767;388666;32914104;263434;0.022
2020-12-25;2020-12-26 05:22:28;79840206;472064;1750580;8309;45002559;290792;33087067;172963;0.0219
2020-12-26;2020-12-27 05:22:55;80351598;511392;1757657;7077;45410291;407732;33183650;96583;0.0219
2020-12-27;2020-12-28 05:22:06;80783674;432076;1764863;7206;45698074;287783;33320737;137087;0.0218
2020-12-28;2020-12-29 05:22:37;81278115;494441;1774390;9527;45994197;296123;33509528;188791;0.0218
2020-12-29;2020-12-30 05:22:34;81997042;718927;1789908;15518;46348935;354738;33858199;348671;0.0218
2020-12-30;2020-12-31 05:22:49;82707976;710934;1805002;15094;46731540;382605;34171434;313235;0.0218
2020-12-31;2021-01-01 05:23:07;83424446;716470;1818116;13114;47010049;278509;34596281;424847;0.0218
2021-01-01;2021-01-02 05:22:33;83963772;539326;1827540;9424;47289078;279029;34847154;250873;0.0218
2021-01-02;2021-01-03 05:22:52;84588500;624728;1835788;8248;47595212;306134;35157500;310346;0.0217
2021-01-03;2021-01-04 05:22:02;85122080;533576;1843135;7347;47860306;265093;35418639;261136;0.0217
2021-01-04;2021-01-05 05:21:49;85672034;549954;1853334;10199;48148226;287920;35670474;251835;0.0216
2021-01-05;2021-01-06 05:22:16;86405927;733893;1868768;15434;48464481;316255;36072678;402204;0.0216
2021-01-06;2021-01-07 05:22:03;87186540;780613;1883761;14993;48777336;312855;36525443;452765;0.0216
2021-01-07;2021-01-08 05:22:42;88042762;856222;1898530;14769;49098418;321082;37045814;520371;0.0216
2021-01-08;2021-01-09 05:22:18;88860500;817738;1913419;14889;49396101;297683;37550980;505166;0.0215
2021-01-09;2021-01-10 05:22:12;89630087;769587;1926544;13125;49729445;333344;37974098;423118;0.0215
2021-01-10;2021-01-11 05:21:50;90279044;648957;1934784;8240;49997720;268275;38346540;372442;0.0214
2021-01-11;2021-01-12 05:22:15;90891380;612336;1944750;9966;50285515;287795;38661115;314575;0.0214
2021-01-12;2021-01-13 05:22:15;91594383;703003;1962219;17469;50629426;343911;39002738;341623;0.0214
2021-01-13;2021-01-14 05:22:32;92348199;753816;1978614;16395;50994811;365385;39374774;372036;0.0214
2021-01-14;2021-01-15 05:22:24;93087609;739410;1993699;15085;51347350;352539;39746560;371786;0.0214
2021-01-15;2021-01-16 05:22:40;93844190;756581;2008548;14849;51685853;338503;40149789;403229;0.0214
2021-01-16;2021-01-17 05:22:17;94490863;646673;2022059;13511;52005821;319968;40462983;313194;0.0214
2021-01-17;2021-01-18 05:22:34;95042229;551366;2030805;8746;52318440;312619;40692984;230001;0.0214
2021-01-18;2021-01-19 05:22:15;95555533;513304;2040085;9280;52634885;316445;40880563;187579;0.0213
2021-01-19;2021-01-20 05:21:54;96158735;603202;2056996;16911;53035240;400355;41066499;185936;0.0214
2021-01-20;2021-01-21 05:22:01;96862056;703321;2074764;17768;53367302;332062;41419990;353491;0.0214
2021-01-21;2021-01-22 05:22:10;97492071;630015;2089455;14691;53733204;365902;41669412;249422;0.0214
2021-01-22;2021-01-23 05:22:03;98174073;682002;2107281;17826;54115919;382715;41950873;281461;0.0215
2021-01-23;2021-01-24 05:22:35;98744266;570193;2120578;13297;54435854;319935;42187834;236961;0.0215
2021-01-24;2021-01-25 05:22:16;99192352;448086;2129403;8825;54744470;308616;42318479;130645;0.0215
2021-01-25;2021-01-26 05:22:02;99718413;526061;2139928;10525;55057255;312785;42521230;202751;0.0215
2021-01-26;2021-01-27 05:23:41;100270534;552121;2157349;17421;55387771;330516;42725414;204184;0.0215
2021-01-27;2021-01-28 05:22:24;100866031;595497;2174129;16780;55890582;502811;42801320;75906;0.0216
2021-01-28;2021-01-29 05:22:23;101453596;587565;2191078;16949;56043612;153030;43218906;417586;0.0216
2021-01-29;2021-01-30 05:22:49;102065710;612114;2206336;15258;56408773;365161;43450601;231695;0.0216
2021-01-30;2021-01-31 05:22:42;102577979;512269;2219889;13553;56762081;353308;43596009;145408;0.0216
